Rank,Bib,FIS Code,Name,Year,Nation,Jump 1,Points 1,Jump 2,Points 2,Points,Podium
1,50,5040,SCHLIERENZAUER Gregor ,2010,AUT ,142.5,NA,137.5,NA,273.7,Yes
2,46,4889,JACOBSEN Anders ,2010,NOR ,139,NA,138.5,NA,269,Yes
3,38,2927,NEUMAYER Michael ,2010,GER ,140.5,NA,141,NA,264.5,Yes
4,49,4143,MORGENSTERN Thomas ,2010,AUT ,139,NA,134.5,NA,260.3,No
5,34,5064,HILDE Tom ,2010,NOR ,138,NA,139,NA,260.2,No
6,25,5288,HAYBOECK Michael ,2010,AUT ,139,NA,140.5,NA,257.6,No
7,37,1984,JANDA Jakub ,2010,CZE ,141,NA,138.5,NA,257.2,No
8,40,6296,ZAUNER David ,2010,AUT ,131.5,NA,140,NA,253.9,No
9,48,4141,KOFLER Andreas ,2010,AUT ,134.5,NA,138,NA,250.6,No
10,45,2010,UHRMANN Michael ,2010,GER ,131,NA,138.5,NA,250.5,No
11,35,1998,SCHMITT Martin ,2010,GER ,133.5,NA,137.5,NA,246.2,No
12,28,2934,BARDAL Anders ,2010,NOR ,138.5,NA,133.5,NA,240.3,No
13,43,5749,EVENSEN Johan Remen ,2010,NOR ,132,NA,133,NA,239.8,No
14,36,4025,DAMJAN Jernej ,2010,SLO ,133.5,NA,129,NA,234.5,No
15,13,5396,LARINTO Ville ,2010,FIN ,134,NA,129.5,NA,233,No
16,42,2819,CHEDAL Emmanuel ,2010,FRA ,129,NA,133,NA,232.1,No
17,32,4379,YUMOTO Fumihisa ,2010,JPN ,133.5,NA,127.5,NA,231.6,No
18,29,4724,MORASSI Andrea ,2010,ITA ,135.5,NA,128,NA,221.6,No
19,31,4197,FREUND Severin ,2010,GER ,130.5,NA,127,NA,221,No
20,21,5301,MIETUS Grzegorz ,2010,POL ,135,NA,125.5,NA,220.7,No
21,44,2129,BODMER Pascal ,2010,GER ,126.5,NA,128,NA,220.2,No
22,26,2947,MATURA Jan ,2010,CZE ,134.5,NA,123,NA,219.4,No
23,22,2987,DESCOMBES SEVOIE Vincent ,2010,FRA ,133.5,NA,125,NA,218.7,No
24,41,4226,WANK Andreas ,2010,GER ,125.5,NA,127.5,NA,218,No
25,47,2917,ROMOEREN Bjoern Einar ,2010,NOR ,126,NA,128.5,NA,215.6,No
26,14,5442,SCHABEREITER Florian ,2010,AUT ,131,NA,123,NA,211.8,No
27,1,5053,HRGOTA Robert ,2010,SLO ,128,NA,124.5,NA,207.1,No
28,30,2999,SEDLAK Borek ,2010,CZE ,129,NA,115.5,NA,196.6,No
29,10,1905,KOROLEV Alex ,2010,KAZ ,131,NA,117.5,NA,195.6,No
30,33,4186,COLLOREDO Sebastian ,2010,ITA ,132.5,NA,NA,NA,117,No
31,15,2136,BOGNER Tobias ,2010,GER ,128.5,NA,NA,NA,108,No
32,11,4041,LAZZARONI David ,2010,FRA ,129,NA,NA,NA,107.9,No
33,27,5185,MUOTKA Olli ,2010,FIN ,129,NA,NA,NA,106.9,No
34,20,2018,YOSHIOKA Kazuya ,2010,JPN ,129,NA,NA,NA,106.6,No
35,18,2119,HIGASHI Akira ,2010,JPN ,128,NA,NA,NA,106,No
36,39,1972,THURNBICHLER Stefan ,2010,AUT ,122.5,NA,NA,NA,105.3,No
37,23,4646,TEPES Jurij ,2010,SLO ,127,NA,NA,NA,104.8,No
38,9,4333,URBANC Rok ,2010,SLO ,127.5,NA,NA,NA,103.2,No
39,24,5904,SKLETT Vegard-Haukoe ,2010,NOR ,125,NA,NA,NA,99.8,No
40,12,4748,KARAULOV Ivan ,2010,KAZ ,123.5,NA,NA,NA,97.7,No
41,8,1922,GRIGOLI Marco ,2010,SUI ,125,NA,NA,NA,97.5,No
42,17,5710,KOVALJEFF Kai ,2010,FIN ,122.5,NA,NA,NA,95.9,No
43,3,5468,OSHEPKOV Stanislav ,2010,RUS ,123,NA,NA,NA,95.7,No
44,19,2852,WATASE Yuta ,2010,JPN ,125.5,NA,NA,NA,95.3,No
45,6,6033,CHERVYAKOV Georgiy ,2010,RUS ,124,NA,NA,NA,94.4,No
46,7,5168,ZOGRAFSKI Vladimir ,2010,BUL ,117,NA,NA,NA,81.2,No
47,2,5360,NIEMI Sami ,2010,FIN ,112,NA,NA,NA,78.4,No
48,5,5760,TROFIMOV Roman-Sergeevich ,2010,RUS ,110,NA,NA,NA,66.3,No
49,16,4720,DELLASEGA Roberto ,2010,ITA ,105.5,NA,NA,NA,61.8,No
1,44,4197,FREUND Severin ,2011,GER ,143.5,NA,139,NA,289.1,Yes
2,43,2815,KOCH Martin ,2011,AUT ,141.5,NA,140.5,NA,286.9,Yes
3,49,2067,AMMANN Simon ,2011,SUI ,143,NA,140.5,NA,284.5,Yes
4,50,4143,MORGENSTERN Thomas ,2011,AUT ,139,NA,138,NA,280.1,No
5,31,5040,SCHLIERENZAUER Gregor ,2011,AUT ,136.5,NA,141,NA,274.4,No
6,40,4321,STOCH Kamil ,2011,POL ,133.5,NA,141,NA,270.2,No
7,45,1991,HAUTAMAEKI Matti ,2011,FIN ,139,NA,137,NA,266.8,No
8,3,3012,HAPPONEN Janne ,2011,FIN ,140,NA,133,NA,262.5,No
9,47,2039,MALYSZ Adam ,2011,POL ,135.5,NA,135,NA,259.7,No
10,46,5064,HILDE Tom ,2011,NOR ,136,NA,133.5,NA,255.3,No
11,13,4379,YUMOTO Fumihisa ,2011,JPN ,137.5,NA,136,NA,251.6,No
12,39,5749,EVENSEN Johan Remen ,2011,NOR ,129.5,NA,139,NA,251,No
13,42,2928,FETTNER Manuel ,2011,AUT ,135,NA,130,NA,248.5,No
14,34,4801,KOUDELKA Roman ,2011,CZE ,130.5,NA,134.5,NA,245.5,No
15,14,4186,COLLOREDO Sebastian ,2011,ITA ,140,NA,129.5,NA,243.6,No
16,48,4141,KOFLER Andreas ,2011,AUT ,130.5,NA,128.5,NA,242,No
17,18,1984,JANDA Jakub ,2011,CZE ,134.5,NA,130.5,NA,241.3,No
18,30,5658,PREVC Peter ,2011,SLO ,134,NA,126.5,NA,239.1,No
19,19,4646,TEPES Jurij ,2011,SLO ,132.5,NA,132,NA,237.1,No
20,25,1998,SCHMITT Martin ,2011,GER ,133.5,NA,128.5,NA,234.8,No
21,16,4367,TAKEUCHI Taku ,2011,JPN ,136.5,NA,126.5,NA,234.6,No
22,24,2819,CHEDAL Emmanuel ,2011,FRA ,131.5,NA,129.5,NA,230.8,No
23,38,2917,ROMOEREN Bjoern Einar ,2011,NOR ,129.5,NA,128.5,NA,230.5,No
24,41,2088,LOITZL Wolfgang ,2011,AUT ,128,NA,129,NA,229.3,No
25,29,2022,KASAI Noriaki ,2011,JPN ,131.5,NA,127,NA,228.6,No
26,15,4025,DAMJAN Jernej ,2011,SLO ,132.5,NA,124.5,NA,225.5,No
27,23,2129,BODMER Pascal ,2011,GER ,131,NA,126,NA,222.2,No
28,26,2530,TOCHIMOTO Shohei ,2011,JPN ,128,NA,124.5,NA,217.9,No
29,27,4015,HOCKE Stephan ,2011,GER ,129.5,NA,117.5,NA,216.7,No
30,17,2999,SEDLAK Borek ,2011,CZE ,132.5,NA,112.5,NA,197.3,No
31,10,4325,ZYLA Piotr ,2011,POL ,127,NA,NA,NA,109,No
32,33,2927,NEUMAYER Michael ,2011,GER ,124,NA,NA,NA,108.7,No
33,35,2010,UHRMANN Michael ,2011,GER ,127,NA,NA,NA,108.3,No
34,5,5443,ZIMA Rok ,2011,SLO ,129,NA,NA,NA,107.4,No
35,21,5119,KOIVURANTA Anssi ,2011,FIN ,127.5,NA,NA,NA,106.6,No
36,4,2970,KEITURI Kalle ,2011,FIN ,126.5,NA,NA,NA,104.8,No
37,11,4724,MORASSI Andrea ,2011,ITA ,126,NA,NA,NA,104.5,No
38,36,4259,ITO Daiki ,2011,JPN ,121,NA,NA,NA,103.1,No
39,37,2934,BARDAL Anders ,2011,NOR ,124.5,NA,NA,NA,103,No
40,20,4880,KORNILOV Denis ,2011,RUS ,126.5,NA,NA,NA,102.4,No
41,6,5188,MAYER Nicolas ,2011,FRA ,127,NA,NA,NA,99.7,No
42,28,2947,MATURA Jan ,2011,CZE ,124,NA,NA,NA,99.3,No
43,1,4643,CIKL Martin ,2011,CZE ,124.5,NA,NA,NA,98.6,No
44,32,2546,KARELIN Pavel ,2011,RUS ,119.5,NA,NA,NA,98.4,No
45,8,5284,PUNGERTAR Matjaz ,2011,SLO ,120,NA,NA,NA,92.1,No
46,2,2708,BRESADOLA Davide ,2011,ITA ,119.5,NA,NA,NA,89.7,No
47,7,4236,VACULIK Ondrej ,2011,CZE ,117.5,NA,NA,NA,89.2,No
48,9,2813,VASSILIEV Dimitry ,2011,RUS ,116.5,NA,NA,NA,88.9,No
49,22,5193,INGVALDSEN Ole Marius ,2011,NOR ,120,NA,NA,NA,88.3,No
1,48,2934,BARDAL Anders ,2012,NOR ,145.5,NA,148,NA,277,Yes
2,42,4801,KOUDELKA Roman ,2012,CZE ,147.5,NA,146.5,NA,270.3,Yes
3,44,4259,ITO Daiki ,2012,JPN ,149.5,NA,144,NA,264.4,Yes
4,38,5658,PREVC Peter ,2012,SLO ,138,NA,149,NA,257,No
5,47,4321,STOCH Kamil ,2012,POL ,139,NA,144,NA,256.3,No
6,37,4367,TAKEUCHI Taku ,2012,JPN ,137.5,NA,147.5,NA,252.3,No
7,45,5564,FREITAG Richard ,2012,GER ,140.5,NA,144.5,NA,251.2,No
8,36,2815,KOCH Martin ,2012,AUT ,139,NA,147,NA,246.3,No
9,43,4197,FREUND Severin ,2012,GER ,140,NA,146,NA,244.5,No
10,34,5987,VELTA Rune ,2012,NOR ,138.5,NA,139.5,NA,239.2,No
11,29,4880,KORNILOV Denis ,2012,RUS ,138.5,NA,142,NA,238.1,No
12,40,2067,AMMANN Simon ,2012,SUI ,133.5,NA,145,NA,237.8,No
13,46,4143,MORGENSTERN Thomas ,2012,AUT ,141.5,NA,139.5,NA,236.4,No
14,17,5972,FANNEMEL Anders ,2012,NOR ,138,NA,140,NA,229.2,No
15,41,2918,KRANJEC Robert ,2012,SLO ,136,NA,138,NA,228.9,No
16,20,2917,ROMOEREN Bjoern Einar ,2012,NOR ,137.5,NA,139.5,NA,228.2,No
17,27,4226,WANK Andreas ,2012,GER ,134,NA,135.5,NA,224.9,No
18,49,5040,SCHLIERENZAUER Gregor ,2012,AUT ,131,NA,134.5,NA,221.7,No
19,35,3090,HLAVA Lukas ,2012,CZE ,127.5,NA,132,NA,216.8,No
20,22,4186,COLLOREDO Sebastian ,2012,ITA ,126,NA,139.5,NA,214.5,No
21,26,3012,HAPPONEN Janne ,2012,FIN ,130.5,NA,133.5,NA,214.4,No
22,23,3104,SINKOVEC Jure ,2012,SLO ,126.5,NA,132,NA,211.3,No
23,33,5119,KOIVURANTA Anssi ,2012,FIN ,128.5,NA,133,NA,208.3,No
24,19,2813,VASSILIEV Dimitry ,2012,RUS ,125.5,NA,135,NA,206.5,No
25,12,5174,STJERNEN Andreas ,2012,NOR ,136.5,NA,127.5,NA,206,No
26,32,4325,ZYLA Piotr ,2012,POL ,131.5,NA,125,NA,204.7,No
27,21,4015,HOCKE Stephan ,2012,GER ,128,NA,128,NA,198.1,No
28,13,5298,KOT Maciej ,2012,POL ,128.5,NA,130,NA,198,No
29,28,1984,JANDA Jakub ,2012,CZE ,134,NA,115,NA,190.2,No
30,14,1991,HAUTAMAEKI Matti ,2012,FIN ,128,NA,122,NA,177.9,No
31,18,2928,FETTNER Manuel ,2012,AUT ,123.5,NA,NA,NA,95.7,No
32,11,5479,JUDEZ Dejan ,2012,SLO ,126.5,NA,NA,NA,95.6,No
32,6,2022,KASAI Noriaki ,2012,JPN ,125.5,NA,NA,NA,95.6,No
34,9,5302,MIETUS Krzysztof ,2012,POL ,126,NA,NA,NA,94.1,No
35,25,4025,DAMJAN Jernej ,2012,SLO ,123.5,NA,NA,NA,93.4,No
36,8,2530,TOCHIMOTO Shohei ,2012,JPN ,125.5,NA,NA,NA,92.8,No
37,16,5067,ROENSEN Atle Pedersen ,2012,NOR ,127,NA,NA,NA,92.7,No
38,4,5493,BYRT Tomasz ,2012,POL ,122.5,NA,NA,NA,91.9,No
39,10,2852,WATASE Yuta ,2012,JPN ,124,NA,NA,NA,91,No
40,3,4593,HAJEK Antonin ,2012,CZE ,123,NA,NA,NA,90.9,No
41,31,6296,ZAUNER David ,2012,AUT ,121,NA,NA,NA,90.7,No
42,5,2178,SCHOFT Felix ,2012,GER ,123.5,NA,NA,NA,86.1,No
43,39,5904,SKLETT Vegard Haukoe ,2012,NOR ,112,NA,NA,NA,82.9,No
44,1,5435,DESCHWANDEN Gregor ,2012,SUI ,116.5,NA,NA,NA,78.2,No
45,50,4141,KOFLER Andreas ,2012,AUT ,111,NA,NA,NA,73.8,No
46,7,2874,KALINITSCHENKO Anton ,2012,RUS ,111,NA,NA,NA,68.9,No
47,30,2931,MECHLER Maximilian ,2012,GER ,110,NA,NA,NA,68.2,No
48,2,1906,KARPENKO Nikolay ,2012,KAZ ,114.5,NA,NA,NA,67.6,No
49,24,2088,LOITZL Wolfgang ,2012,AUT ,106.5,NA,NA,NA,63.6,No
50,15,5168,ZOGRAFSKI Vladimir ,2012,BUL ,101.5,NA,NA,NA,47.1,No
1,49,4321,STOCH Kamil ,2014,POL ,139.5,NA,145.5,NA,263.2,Yes
2,45,4197,FREUND Severin ,2014,GER ,139,NA,147.5,NA,262.2,Yes
3,34,4025,DAMJAN Jernej ,2014,SLO ,141.5,NA,150.5,NA,258.5,Yes
4,48,2022,KASAI Noriaki ,2014,JPN ,142,NA,140,NA,253.9,No
5,43,2918,KRANJEC Robert ,2014,SLO ,140.5,NA,150,NA,253.5,No
6,33,4646,TEPES Jurij ,2014,SLO ,152,NA,137,NA,249,No
7,50,5658,PREVC Peter ,2014,SLO ,138,NA,145.5,NA,247.2,No
8,46,6696,WELLINGER Andreas ,2014,GER ,139,NA,140,NA,245.8,No
9,39,4259,ITO Daiki ,2014,JPN ,134.5,NA,146,NA,241.7,No
10,44,5438,DIETHART Thomas ,2014,AUT ,140.5,NA,138,NA,238.8,No
11,17,5253,EISENBICHLER Markus ,2014,GER ,144,NA,138,NA,238.5,No
12,42,6342,KRAUS Marinus ,2014,GER ,141.5,NA,133,NA,236.4,No
13,31,5288,HAYBOECK Michael ,2014,AUT ,145.5,NA,132.5,NA,235.5,No
14,35,2927,NEUMAYER Michael ,2014,GER ,140,NA,139,NA,232.7,No
15,29,5497,KRAFT Stefan ,2014,AUT ,136,NA,143,NA,230.5,No
16,37,5564,FREITAG Richard ,2014,GER ,143,NA,131.5,NA,229.7,No
17,30,5119,KOIVURANTA Anssi ,2014,FIN ,143,NA,141.5,NA,229.3,No
18,36,2947,MATURA Jan ,2014,CZE ,132,NA,142,NA,225.5,No
19,20,5193,INGVALDSEN Ole Marius ,2014,NOR ,137,NA,136.5,NA,224.6,No
20,38,5298,KOT Maciej ,2014,POL ,143,NA,134,NA,223.9,No
21,41,5429,ZIOBRO Jan ,2014,POL ,137.5,NA,141,NA,223.5,No
22,40,4325,ZYLA Piotr ,2014,POL ,135.5,NA,137,NA,221.9,No
23,26,4226,WANK Andreas ,2014,GER ,137,NA,139.5,NA,219.7,No
24,16,5963,SHIMIZU Reruhi ,2014,JPN ,136,NA,135,NA,218.9,No
25,23,5039,POPPINGER Manuel ,2014,AUT ,139,NA,131,NA,214.2,No
26,10,5706,ROMASHOV Alexey ,2014,RUS ,142.5,NA,131.5,NA,211,No
27,32,4141,KOFLER Andreas ,2014,AUT ,140,NA,127,NA,202.3,No
28,18,2852,WATASE Yuta ,2014,JPN ,133.5,NA,129.5,NA,201.4,No
29,5,5174,STJERNEN Andreas ,2014,NOR ,134.5,NA,126.5,NA,198.7,No
30,28,1995,AHONEN Janne ,2014,FIN ,140,NA,121,NA,189.8,No
31,27,1984,JANDA Jakub ,2014,CZE ,137.5,NA,NA,NA,106.2,No
32,24,5435,DESCHWANDEN Gregor ,2014,SUI ,128,NA,NA,NA,105.6,No
33,47,2067,AMMANN Simon ,2014,SUI ,128,NA,NA,NA,105.5,No
34,15,5142,KUBACKI Dawid ,2014,POL ,128,NA,NA,NA,105.2,No
35,25,5026,NAGLIC Tomaz ,2014,SLO ,136.5,NA,NA,NA,105,No
36,1,4801,KOUDELKA Roman ,2014,CZE ,133.5,NA,NA,NA,104.9,No
37,19,5676,DEZMAN Nejc ,2014,SLO ,131,NA,NA,NA,104.1,No
38,8,4322,HULA Stefan ,2014,POL ,132,NA,NA,NA,101.6,No
39,22,5891,HVALA Jaka ,2014,SLO ,127.5,NA,NA,NA,98.2,No
40,2,6145,NURMSALU Kaarel ,2014,EST ,132,NA,NA,NA,96.5,No
41,11,5185,MUOTKA Olli ,2014,FIN ,125,NA,NA,NA,96.4,No
42,21,2928,FETTNER Manuel ,2014,AUT ,128,NA,NA,NA,96,No
43,7,5067,ROENSEN Atle Pedersen ,2014,NOR ,129,NA,NA,NA,95.8,No
44,14,4880,KORNILOV Denis ,2014,RUS ,124.5,NA,NA,NA,94.6,No
45,4,4186,COLLOREDO Sebastian ,2014,ITA ,128,NA,NA,NA,94.1,No
46,12,5589,JOHANSSON Robert ,2014,NOR ,127,NA,NA,NA,93.3,No
47,9,5397,HEISKANEN Sami ,2014,FIN ,126,NA,NA,NA,91.3,No
48,3,5974,HAUER Joachim ,2014,NOR ,126,NA,NA,NA,86.8,No
49,6,4643,CIKL Martin ,2014,CZE ,122,NA,NA,NA,76.5,No
50,13,4593,HAJEK Antonin ,2014,CZE ,105,NA,NA,NA,49,No
1,58,4321,STOCH Kamil ,2014,POL ,147,NA,145,NA,271.4,Yes
2,55,4197,FREUND Severin ,2014,GER ,141.5,NA,134,NA,257.9,Yes
3,59,5658,PREVC Peter ,2014,SLO ,145.5,NA,132,NA,247.3,Yes
4,57,2022,KASAI Noriaki ,2014,JPN ,141,NA,135.5,NA,246.4,No
5,52,2918,KRANJEC Robert ,2014,SLO ,134,NA,146.5,NA,243.6,No
6,50,4259,ITO Daiki ,2014,JPN ,138.5,NA,135.5,NA,240.1,No
7,38,5497,KRAFT Stefan ,2014,AUT ,130.5,NA,140.5,NA,235.4,No
8,44,4646,TEPES Jurij ,2014,SLO ,132.5,NA,145.5,NA,234.6,No
9,48,4025,DAMJAN Jernej ,2014,SLO ,132,NA,137,NA,234,No
10,54,6696,WELLINGER Andreas ,2014,GER ,134.5,NA,137,NA,232.5,No
11,43,2947,MATURA Jan ,2014,CZE ,137,NA,134,NA,228.9,No
12,53,5438,DIETHART Thomas ,2014,AUT ,135.5,NA,129,NA,228.7,No
13,25,5676,DEZMAN Nejc ,2014,SLO ,134,NA,139,NA,228.6,No
14,34,5026,NAGLIC Tomaz ,2014,SLO ,133.5,NA,140,NA,226,No
15,35,1984,JANDA Jakub ,2014,CZE ,137.5,NA,133,NA,225.6,No
16,46,5298,KOT Maciej ,2014,POL ,138,NA,133,NA,224.5,No
17,32,5435,DESCHWANDEN Gregor ,2014,SUI ,133.5,NA,135,NA,223.9,No
18,29,5193,INGVALDSEN Ole Marius ,2014,NOR ,135,NA,130,NA,222.5,No
19,41,5288,HAYBOECK Michael ,2014,AUT ,132.5,NA,134,NA,222,No
20,37,1995,AHONEN Janne ,2014,FIN ,130.5,NA,141,NA,220,No
21,45,5564,FREITAG Richard ,2014,GER ,134.5,NA,126.5,NA,217.9,No
22,23,5142,KUBACKI Dawid ,2014,POL ,133,NA,130,NA,217.7,No
23,36,4226,WANK Andreas ,2014,GER ,140,NA,127.5,NA,217.2,No
24,27,2928,FETTNER Manuel ,2014,AUT ,133,NA,134,NA,215.3,No
25,56,2067,AMMANN Simon ,2014,SUI ,132.5,NA,137.5,NA,214.2,No
26,51,6342,KRAUS Marinus ,2014,GER ,125.5,NA,137.5,NA,213.8,No
27,6,6145,NURMSALU Kaarel ,2014,EST ,133.5,NA,126.5,NA,212.1,No
28,26,2852,WATASE Yuta ,2014,JPN ,134.5,NA,131,NA,211.1,No
29,42,2927,NEUMAYER Michael ,2014,GER ,132.5,NA,128,NA,207.4,No
30,4,5416,GRIMSRUD Simen Key ,2014,NOR ,130,NA,127.5,NA,194.9,No
31,9,4801,KOUDELKA Roman ,2014,CZE ,126,NA,NA,NA,97.6,No
32,47,4325,ZYLA Piotr ,2014,POL ,129,NA,NA,NA,96,No
33,33,5039,POPPINGER Manuel ,2014,AUT ,130,NA,NA,NA,95.4,No
34,40,4141,KOFLER Andreas ,2014,AUT ,128,NA,NA,NA,94.8,No
35,31,5253,EISENBICHLER Markus ,2014,GER ,122.5,NA,NA,NA,94.3,No
35,20,5589,JOHANSSON Robert ,2014,NOR ,124,NA,NA,NA,94.3,No
37,28,5891,HVALA Jaka ,2014,SLO ,126.5,NA,NA,NA,93.1,No
38,49,5429,ZIOBRO Jan ,2014,POL ,121,NA,NA,NA,92.3,No
39,19,5185,MUOTKA Olli ,2014,FIN ,121.5,NA,NA,NA,91.6,No
40,18,5706,ROMASHOV Alexey ,2014,RUS ,122.5,NA,NA,NA,91.5,No
41,24,5963,SHIMIZU Reruhi ,2014,JPN ,126,NA,NA,NA,90.2,No
42,22,4880,KORNILOV Denis ,2014,RUS ,121.5,NA,NA,NA,89.4,No
43,11,4186,COLLOREDO Sebastian ,2014,ITA ,120,NA,NA,NA,86.7,No
44,14,5067,ROENSEN Atle Pedersen ,2014,NOR ,113,NA,NA,NA,83.9,No
45,8,5168,ZOGRAFSKI Vladimir ,2014,BUL ,114.5,NA,NA,NA,74.7,No
46,16,4322,HULA Stefan ,2014,POL ,110,NA,NA,NA,72.6,No
47,17,5397,HEISKANEN Sami ,2014,FIN ,112,NA,NA,NA,71.5,No
48,12,4957,SWENSEN Vegard ,2014,NOR ,104.5,NA,NA,NA,68.4,No
49,30,2813,VASSILIEV Dimitry ,2014,RUS ,114,NA,NA,NA,66.8,No
50,39,5119,KOIVURANTA Anssi ,2014,FIN ,113,NA,NA,NA,64.7,No
1,53,4321,STOCH Kamil ,2015,POL ,147.5,140.5,142.5,136.1,276.6,Yes
2,62,5658,PREVC Peter ,2015,SLO ,139,128.3,144,134,262.3,Yes
3,59,4197,FREUND Severin ,2015,GER ,135.5,123.8,146,138,261.8,Yes
4,52,5987,VELTA Rune ,2015,NOR ,147.5,131,137.5,126.2,257.2,No
5,43,4646,TEPES Jurij ,2015,SLO ,139,123.7,140,130.5,254.2,No
6,60,4801,KOUDELKA Roman ,2015,CZE ,135,124.4,138.5,127.7,252.1,No
7,63,5497,KRAFT Stefan ,2015,AUT ,135,118.1,142,129.6,247.7,No
8,58,5972,FANNEMEL Anders ,2015,NOR ,135.5,121.7,137.5,125.3,247,No
9,57,2022,KASAI Noriaki ,2015,JPN ,137.5,124.4,135.5,121.5,245.9,No
10,54,4025,DAMJAN Jernej ,2015,SLO ,133,112.6,139.5,125.9,238.5,No
11,49,4889,JACOBSEN Anders ,2015,NOR ,131.5,116,138,120,236,No
12,51,5253,EISENBICHLER Markus ,2015,GER ,140,121.4,131,114.2,235.6,No
13,56,5040,SCHLIERENZAUER Gregor ,2015,AUT ,139,120.8,133.5,110.1,230.9,No
14,33,5435,DESCHWANDEN Gregor ,2015,SUI ,136.5,115.5,136,114.9,230.4,No
15,26,5494,ZNISZCZOL Aleksander ,2015,POL ,126,102.7,143,127.2,229.9,No
16,35,2813,VASSILIEV Dimitry ,2015,RUS ,140,112.5,135.5,112.6,225.1,No
17,55,5564,FREITAG Richard ,2015,GER ,131,107.9,135,115.7,223.6,No
18,48,6342,KRAUS Marinus ,2015,GER ,133,117.8,130,105,222.8,No
19,41,5676,DEZMAN Nejc ,2015,SLO ,130.5,107.3,132.5,115.2,222.5,No
20,61,5288,HAYBOECK Michael ,2015,AUT ,126,106.7,131,115.2,221.9,No
21,30,5064,HILDE Tom ,2015,NOR ,137,112.7,128,107.8,220.5,No
22,42,4367,TAKEUCHI Taku ,2015,JPN ,131.5,109.8,130.5,109,218.8,No
23,47,4325,ZYLA Piotr ,2015,POL ,136,121.7,122.5,97,218.7,No
24,38,5262,LEYHE Stephan ,2015,GER ,134.5,113.4,126.5,103.8,217.2,No
25,50,4259,ITO Daiki ,2015,JPN ,127,106.6,130.5,110.4,217,No
26,46,2927,NEUMAYER Michael ,2015,GER ,135,110.4,125.5,100.3,210.7,No
27,40,2987,DESCOMBES SEVOIE Vincent ,2015,FRA ,131,110.6,125,97.5,208.1,No
28,44,4141,KOFLER Andreas ,2015,AUT ,130.5,102.2,130,102.4,204.6,No
29,32,2928,FETTNER Manuel ,2015,AUT ,134,109.4,122,92.4,201.8,No
30,24,5326,MURANKA Klemens ,2015,POL ,127.5,103.6,129,94.9,198.5,No
31,16,1995,AHONEN Janne ,2015,FIN ,126,101.4,NA,NA,101.4,No
32,31,5429,ZIOBRO Jan ,2015,POL ,128.5,99.9,NA,NA,99.9,No
32,21,5723,LAMY CHAPPUIS Ronan ,2015,FRA ,127,99.9,NA,NA,99.9,No
34,22,2530,TOCHIMOTO Shohei ,2015,JPN ,126.5,98.7,NA,NA,98.7,No
35,29,2708,BRESADOLA Davide ,2015,ITA ,125,98,NA,NA,98,No
36,28,5039,POPPINGER Manuel ,2015,AUT ,125,97.4,NA,NA,97.4,No
37,25,5181,GANGNES Kenneth ,2015,NOR ,124,95.7,NA,NA,95.7,No
38,9,4880,KORNILOV Denis ,2015,RUS ,123.5,94.7,NA,NA,94.7,No
39,23,1984,JANDA Jakub ,2015,CZE ,123.5,94.5,NA,NA,94.5,No
40,27,5521,SAKUYAMA Kento ,2015,JPN ,123.5,93.7,NA,NA,93.7,No
41,17,5168,ZOGRAFSKI Vladimir ,2015,BUL ,123.5,93.4,NA,NA,93.4,No
42,8,5219,ALEXANDER Nicholas ,2015,USA ,123,93.3,NA,NA,93.3,No
43,15,4186,COLLOREDO Sebastian ,2015,ITA ,122,91.9,NA,NA,91.9,No
44,20,5026,NAGLIC Tomaz ,2015,SLO ,122,91.6,NA,NA,91.6,No
45,19,5695,JUSTIN Rok ,2015,SLO ,119.5,90,NA,NA,90,No
46,45,5284,PUNGERTAR Matjaz ,2015,SLO ,123,89.7,NA,NA,89.7,No
47,36,6679,BOYARINTSEV Vladislav ,2015,RUS ,124,87.6,NA,NA,87.6,No
48,3,2874,KALINITSCHENKO Anton ,2015,RUS ,119,86.5,NA,NA,86.5,No
49,39,2947,MATURA Jan ,2015,CZE ,119,84.9,NA,NA,84.9,No
50,37,5796,MAEAETTAE Jarkko ,2015,FIN ,119,80.4,NA,NA,80.4,No
1,50,5658,PREVC Peter ,2016,SLO ,148.5,128.9,145.5,136,264.9,Yes
2,48,5181,GANGNES Kenneth ,2016,NOR ,139.5,120.5,141,128.9,249.4,Yes
3,49,4197,FREUND Severin ,2016,GER ,145.5,120.3,133,113.9,234.2,Yes
4,44,5497,KRAFT Stefan ,2016,AUT ,147,119.4,127,105.8,225.2,No
5,41,6696,WELLINGER Andreas ,2016,GER ,143.5,113,129.5,109.7,222.7,No
6,43,6098,TANDE Daniel Andre ,2016,NOR ,139.5,110.3,133,110.8,221.1,No
7,38,5972,FANNEMEL Anders ,2016,NOR ,141.5,111.1,130.5,106.8,217.9,No
8,39,5174,STJERNEN Andreas ,2016,NOR ,132,94.3,136,112.3,206.6,No
9,46,6100,FORFANG Johann Andre ,2016,NOR ,134,103.3,128,101.9,205.2,No
10,40,4801,KOUDELKA Roman ,2016,CZE ,139.5,108.1,124.5,96.1,204.2,No
11,22,2947,MATURA Jan ,2016,CZE ,138,105.2,125,93.9,199.1,No
12,32,1984,JANDA Jakub ,2016,CZE ,135.5,99.7,125,96.7,196.4,No
13,24,4646,TEPES Jurij ,2016,SLO ,134,94.9,133,99.9,194.8,No
14,36,4226,WANK Andreas ,2016,GER ,129.5,93,128,98.7,191.7,No
15,29,2987,DESCOMBES SEVOIE Vincent ,2016,FRA ,135,98.7,129.5,92.9,191.6,No
16,35,5974,HAUER Joachim ,2016,NOR ,131.5,92.7,125,93.3,186,No
17,6,5396,LARINTO Ville ,2016,FIN ,128.5,92.7,125,92.2,184.9,No
18,28,4322,HULA Stefan ,2016,POL ,131.5,91.4,126.5,92.9,184.3,No
19,9,4880,KORNILOV Denis ,2016,RUS ,126.5,92.4,124.5,90.5,182.9,No
20,14,4678,BOYD-CLOWES Mackenzie ,2016,CAN ,136,99.4,123,83,182.4,No
21,18,2927,NEUMAYER Michael ,2016,GER ,131,92.2,125.5,86.8,179,No
22,26,5435,DESCHWANDEN Gregor ,2016,SUI ,131,94.4,122.5,84.5,178.9,No
23,31,5262,LEYHE Stephan ,2016,GER ,126.5,89.5,124.5,88.9,178.4,No
24,37,2067,AMMANN Simon ,2016,SUI ,129.5,89.1,123,88.7,177.8,No
25,17,5466,HAZETDINOV Ilmir ,2016,RUS ,133,89.6,119.5,85.1,174.7,No
26,30,5039,POPPINGER Manuel ,2016,AUT ,134,96.3,116.5,77.8,174.1,No
26,25,5298,KOT Maciej ,2016,POL ,133,93.6,122,80.5,174.1,No
28,15,6698,STEKALA Andrzej ,2016,POL ,133,91.4,118.5,82.4,173.8,No
29,45,5564,FREITAG Richard ,2016,GER ,134,105.9,111.5,66,171.9,No
30,8,6165,WOLNY Jakub ,2016,POL ,128.5,87.8,118,77.6,165.4,No
31,7,5429,ZIOBRO Jan ,2016,POL ,128.5,87.6,NA,NA,87.6,No
32,33,2928,FETTNER Manuel ,2016,AUT ,128,87.2,NA,NA,87.2,No
33,3,5924,EGLOFF Luca ,2016,SUI ,126,86.6,NA,NA,86.6,No
34,13,6084,ASCHENWALD Philipp ,2016,AUT ,128.5,84.8,NA,NA,84.8,No
35,27,3090,HLAVA Lukas ,2016,CZE ,127.5,84.1,NA,NA,84.1,No
36,16,5567,GEIGER Karl ,2016,GER ,124,83.5,NA,NA,83.5,No
37,47,5288,HAYBOECK Michael ,2016,AUT ,123.5,80.8,NA,NA,80.8,No
38,42,7091,PREVC Domen ,2016,SLO ,122,80.2,NA,NA,80.2,No
39,11,4580,OLLI Harri ,2016,FIN ,126,77.9,NA,NA,77.9,No
40,20,5723,LAMY CHAPPUIS Ronan ,2016,FRA ,124,77.4,NA,NA,77.4,No
41,19,6645,KLIMOV Evgeniy ,2016,RUS ,125,72.9,NA,NA,72.9,No
42,34,6437,LANISEK Anze ,2016,SLO ,120,72.5,NA,NA,72.5,No
43,2,2805,GLASDER Michael ,2016,USA ,120.5,72,NA,NA,72,No
44,23,5757,ASIKAINEN Lauri ,2016,FIN ,121.5,71.1,NA,NA,71.1,No
45,12,6679,BOYARINTSEV Vladislav ,2016,RUS ,122.5,66.2,NA,NA,66.2,No
46,1,5109,POGRAJC Andraz ,2016,SLO ,118,65.1,NA,NA,65.1,No
47,21,2918,KRANJEC Robert ,2016,SLO ,119,61.6,NA,NA,61.6,No
48,5,4599,ZHAPAROV Marat ,2016,KAZ ,114.5,61.4,NA,NA,61.4,No
49,10,3787,ZHAPAROV Radik ,2016,KAZ ,113,59.6,NA,NA,59.6,No
